Forward UMI ID,Forward UMIs - Note: All 96 are copied for each additional plate,,,Plates for Reverse UMI ,Reverse UMI ID,Reverse UMIs - Note: One per plate.
>bc1001,CACATATCAGAGTGCG,,,Plate 1,>bc1101,ATAGCGACGCGATATA
>bc1002,ACACACAGACTGTGAG,,,Plate 2,>bc1102,TCTCTCGATATGATAG
>bc1003,ACACATCTCGTGAGAG,,,Plate 3,>bc1103,TATACACACTCGCTCG
>bc1004,CACGCACACACGCGCG,,,Plate 4,>bc1104,ATATGAGTGACTCGTG
>bc1005,CACTCGACTCTCGCGT,,,Plate 5,>bc1105,CACAGTCGCAGTACGC
>bc1006,CATATATATCAGCTGT,,,Plate 6,>bc1106,CACGACTATATGCTCT
>bc1007,TCTGTATCTCTATGTG,,,Plate 7,>bc1107,TAGAGCGTGCATATAT
>bc1008,ACAGTCGAGCGCTGCG,,,Plate 8,>bc1108,ACGACGCGCACTGACA
>bc1009,ACACACGCGAGACAGA,,,Plate 9,>bc1109,CTGTGTGTGATAGAGT
>bc1010,ACGCGCTATCTCAGAG,,,Plate 10,>bc1110,GAGCGTGTATACAGCG
>bc1011,CTATACGTATATCTAT,,,Plate 11,>bc1111,TGAGATATGCATGATG
>bc1012,ACACTAGATCGCGTGT,,,Plate 12,>bc1112,GTGCGCTACAGTCTCT
>bc1013,CTCTCGCATACGCGAG,,,Plate 13,>bc1113,TCACTGTGTGTGTCTG
>bc1014,CTCACTACGCGCGCGT,,,Plate 14,>bc1114,GAGAGTAGCGTGTACA
>bc1015,CGCATGACACGTGTGT,,,Plate 15,>bc1115,AGATATCATCAGCGAG
>bc1016,CATAGAGAGATAGTAT,,,Plate 16,>bc1116,TGCTGCGAGCGCTCTG
>bc1017,CACACGCGCGCTATAT,,,Plate 17,>bc1117,GTGCATACATACATAT
>bc1018,TCACGTGCTCACTGTG,,,Plate 18,>bc1118,AGATACACATGATACT
>bc1019,ACACACTCTATCAGAT,,,Plate 19,>bc1119,TCACATATGTATACAT
>bc1020,CACGACACGACGATGT,,,Plate 20,>bc1120,CACTATACACTGCGCT
>bc1021,CTATACATAGTGATGT,,,Plate 21,>bc1121,CGCTCTGTCACGTCTG
>bc1022,CACTCACGTGTGATAT,,,Plate 22,>bc1122,GCAGACTCTCACACGC
>bc1023,CAGAGAGATATCTCTG,,,Plate 23,>bc1123,CACATACTACTACTGA
>bc1024,CATGTAGAGCAGAGAG,,,Plate 24,>bc1124,TACTCACTGCGCTCAC
>bc1025,CGCGACACGCTCGCGC,,,,,
>bc1026,CACAGAGACACGCACA,,,,,
>bc1027,CTCACACTCTCTCACA,,,,,
>bc1028,CTCTGCTCTGACTCTC,,,,,
>bc1029,TATATATGTCTATAGA,,,,,
>bc1030,TCTCTCTATCGCGCTC,,,,,
>bc1031,GATGTCTGAGTGTGTG,,,,,
>bc1032,GAGACTAGAGATAGTG,,,,,
>bc1033,TCTCGTCGCAGTCTCT,,,,,
>bc1034,ATGTGTATATAGATAT,,,,,
>bc1035,GCGCGCGCACTCTCTG,,,,,
>bc1036,GAGACACGTCGCACAC,,,,,
>bc1037,ACACATATCGCACTAC,,,,,
>bc1038,GTGTGTCTCGATGCGC,,,,,
>bc1039,CGCACACATAGATACA,,,,,
>bc1040,TGTCATATGAGAGTGT,,,,,
>bc1041,TCTCGCGCGTGCACGC,,,,,
>bc1042,CTCGCTCGACGAGCGC,,,,,
>bc1043,TATAGAGCTCTACATA,,,,,
>bc1044,GCTGAGACGACGCGCG,,,,,
>bc1045,ACATATCGTACTCTCT,,,,,
>bc1046,GATATATCGAGTATAT,,,,,
>bc1047,TGTCATGTGTACACAC,,,,,
>bc1048,GTGTGCACTCACACTC,,,,,
>bc1049,ACACGTGTGCTCTCTC,,,,,
>bc1050,GATATACGCGAGAGAG,,,,,
>bc1051,CGTGTCTAGCGCGCGC,,,,,
>bc1052,GTGTGAGATATATATC,,,,,
>bc1053,CTCACGTACGTCACAC,,,,,
>bc1054,GCGCACGCACTACAGA,,,,,
>bc1055,CACACGAGATCTCATC,,,,,
>bc1056,AGACACACACGCACAT,,,,,
>bc1057,GACGAGCGTCTGAGAG,,,,,
>bc1058,TGTGTCTCTGAGAGTA,,,,,
>bc1059,CACACGCACTGAGATA,,,,,
>bc1060,GATGAGTATAGACACA,,,,,
>bc1061,GCTGTGTGTGCTCGTC,,,,,
>bc1062,TCTCAGATAGTCTATA,,,,,
>bc1063,ACACGCATGACACACT,,,,,
>bc1064,TATATACAGAGTCGAG,,,,,
>bc1065,GCGCTCTCTCACATAC,,,,,
>bc1066,TATATGCTCTGTGTGA,,,,,
>bc1067,CTCTATATATCTCGTC,,,,,
>bc1068,AGAGAGCTCTCTCATC,,,,,
>bc1069,GCGAGAGTGAGACGCA,,,,,
>bc1070,TGCTCTCGTGTACTGT,,,,,
>bc1071,AGCGCTGCGACACGCG,,,,,
>bc1072,AGACGCGAGCGCGTAG,,,,,
>bc1073,GCGTGTGTCGAGTGTA,,,,,
>bc1074,TGTACGCTCTCTATAT,,,,,
>bc1075,TAGAGAGCGTCGCGTG,,,,,
>bc1076,GTGCACTCGCGCTCTC,,,,,
>bc1077,TATCTCTCGAGTCGCG,,,,,
>bc1078,CTCACACATACACGTC,,,,,
>bc1079,ATAGTACACTCTGTGT,,,,,
>bc1080,TATCTCTGTAGAGTCT,,,,,
>bc1081,GATATATATGTGTGTA,,,,,
>bc1082,GTGACACACAGAGCAC,,,,,
>bc1083,ATATGACATACACGCA,,,,,
>bc1084,CGTCTCTCGTCTGTGC,,,,,
>bc1085,ACACAGTAGAGCGAGC,,,,,
>bc1086,GTCGCGCATAGAGCGC,,,,,
>bc1087,CTATCTAGCACTCACA,,,,,
>bc1088,CGTGTCACTCTGCGTG,,,,,
>bc1089,CGCGCGAGTATCTCGT,,,,,
>bc1090,AGCACACATATAGCGC,,,,,
>bc1091,GTATATATATACGTCT,,,,,
>bc1092,TCTCACGAGAGCGCAC,,,,,
>bc1093,TAGATGCGAGAGTAGA,,,,,
>bc1094,ATAGCGACATCTCTCT,,,,,
>bc1095,GCACGATGTCAGCGCG,,,,,
>bc1096,TGTGCTCTCTACACAG,,,,,